UserId,Predicted
1,856942 9297615 1074612 5577022 991580
2,1076580 838136 911974 5567582 831125
3,835476 921345 998206 932761 920978
6,13003092 995598 6979393 5580166 5570685
7,949836 845814 840386 1075524 9338009
8,8181377 1116578 1070803 919963 969932
9,889692 1135468 864335 1056005 10457112
10,906646 1138423 863762 900370 959409
13,6544236 965772 893802 857736 1038985
14,902377 1123106 1008012 13876901 874563
15,823576 828139 13073175 1135059 910439
18,1022066 1003699 1118878 9677886 921277
19,928932 1021133 1000236 1100150 834833
20,949836 894360 1123106 983267 12263626
21,6904419 8011397 8011282 5569135 8011285
22,1104349 1018339 13115981 900311 1010578
23,1138858 1076306 906335 1131830 828331
24,1008814 1036501 1016800 935993 1032703
25,854133 1118281 1075786 1075793 1052920
26,1021133 978129 8119303 931108 9707137
27,1052920 1057168 963686 1058709 1029252
28,975938 6533368 8090546 992730 1033913
31,7169088 9526100 864279 898847 5571261
32,397896 868888 833787 5995603 1003441
33,1033913 968146 953539 920844 958252
34,1048445 7168058 904359 897341 1067378
36,7409970 1097991 849578 1047076 1007136
37,1056212 1097001 1067695 916990 1132956
39,6395907 1127716 880050 6513713 1017127
40,1076587 1083043 928092 1056651 1112205
41,9651582 6961848 5995445 827806 1029112
42,5995177 890127 887225 1060673 904774
43,6391137 821787 1115800 958067 1120741
46,6544236 862335 1033913 969494 5565925
47,6533681 6533236 892294 9858936 949257
49,900770 1069268 1139782 1033846 935200
50,1090330 917277 939860 871162 5570882
51,8015407 1053016 1015612 898510 1101174
52,879280 937403 878880 850795 1088393
53,902238 1099802 964853 975938 906335
55,6391080 1115800 1116589 995722 5570513
56,9803545 5568072 1056651 1068651 6533608
57,931108 947147 861615 9297056 9297602
58,1093966 953243 975938 1054216 1008324
59,1134296 847962 1090330 1006573 1024032
62,51716 201704 1870702 1082185 6534178
63,1062572 1028166 995598 1106894 865718
64,978965 1031866 949023 1106116 894236
65,961889 871722 1084796 12330794 821787
67,9420067 914697 1139782 892728 1118946
68,9527158 5568426 1037894 1085604 1083254
69,1037631 902377 12523928 1044188 1127470
71,1008288 10149656 1023027 1091809 6904613
75,480014 1870702 1082185 6534178 1029743
77,6979128 955921 1093966 849578 9676997
78,9573206 6773232 6391080 1081421 1090330
79,983795 1010164 1087411 13213604 1018670
80,894360 1063594 891542 5571444 1070803
81,989985 902377 898847 901403 988697
82,1084036 819308 914488 1119761 849202
85,983936 1139782 1021519 849578 1105426
87,1079528 1044507 1018364 1083043 987947
88,888104 820486 842416 1082990 913270
90,862535 833351 970365 6464166 1006111
91,838637 989275 1033913 1024833 1056651
92,1029112 1050645 6391080 1049822 1404121
94,1065979 849578 873550 820612 985889
95,1088771 1070803 6533889 1029112 820486
97,1060318 1060292 1114765 1031892 898847
98,1091858 1018278 847241 1077975 1095040
99,824073 1026094 1015474 5582789 15511396
100,920025 947107 1117964 1110624 939965
101,1123106 929410 1080867 931108 1079820
104,1002261 869252 1120616 1031419 975938
105,897413 1135868 1059308 1029112 946276
106,1071446 1029112 1116050 1027960 975938
109,1070803 921920 856215 927265 996955
110,1559515 857902 928749 863351 1132198
111,9677874 874877 8090550 5566809 6533880
112,1022066 12781869 9803545 905436 1011300
113,1018339 947427 1083628 6772833 833458
114,934848 948150 977791 926011 5568489
115,918598 989275 1093966 1137507 7154535
117,852235 1125948 1056651 1089392 929410
118,1083043 897409 1105769 1048893 967569
119,5581464 1119399 1033913 5565664 818980
121,5591359 1065979 12130522 12525247 879734
122,1052920 839849 6464147 1086119 829459
123,896617 1110983 827856 1038985 819063
124,1039781 1033913 1052920 926307 904813
125,965772 916990 6544236 1070803 958208
127,1036753 964594 13842214 8020166 1052920
128,1015296 9420337 9420048 5979322 1036470
131,916578 1118946 1098284 869054 922847
132,1067443 5565784 1108094 1070803 9297056
133,1033913 1027960 1024319 958067 828891
134,5567582 884694 935570 832335 1106116
135,6395912 1117690 926422 898121 8180927
136,5569349 8090539 1116253 1029112 865511
138,9419528 908346 1006906 835080 1053595
139,978983 5567582 968695 1126045 1005898
140,913414 868888 1013826 1022795 1132763
141,1116207 835351 863699 6919082 854261
142,906202 1093966 1039484 997011 878667
143,1043920 869195 1105467 819727 932391
146,1037631 1029174 1127470 5568661 888476
151,963365 9420067 999581 1028473 959076
153,822677 8011397 8011285 8011282 926804
156,1083254 918598 13987135 9526254 6396581
157,919589 1046839 918907 995055 1110697
158,12731714 7025106 926065 5569993 1025641
159,1021133 12523928 13008459 1015375 978129
160,5580525 9526786 833598 1070803 927265
161,935527 868764 12352054 871162 1113721
162,1033913 989275 902856 10456575 10456371
164,1075305 975938 994577 965555 1115360
166,1100265 1075368 1070803 935570 880888
167,962266 1072693 9297151 864279 1063876
168,970160 1088414 1044500 928092 822225
171,10456575 917646 1123106 9859182 905817
172,891632 1053329 6533765 1077409 1044500
174,919999 930385 830686 1084036 1033913
178,963686 972312 1110031 1024319 853756
183,1026931 1135681 938690 7147145 900391
184,5572234 907957 937566 6533936 9831557
185,900770 861701 1029252 1108488 910333
187,909522 1090706 929726 902194 1007687
190,852015 1134483 1131830 825170 1092906
192,5995483 834516 1082212 991844 1100265
193,6704207 1001845 907662 6410462 1054216
194,6391381 1033913 866548 9523079 1051468
195,7409622 899682 7167836 1112824 868888
197,848136 1002236 9526770 1088308 7169088
198,1118946 1117121 900770 1131625 866548
199,859237 948420 9553048 990004 985605
200,7409970 9677447 822677 6533843 985605
201,1138292 1066893 1103476 12427353 1108168
202,961003 1048361 845053 1027421 1110813
203,1082990 7441668 891752 1033913 879280
204,897409 1105769 1077066 1097635 9677447
205,6533437 1115577 841365 935126 958067
208,854133 1064443 853221 879504 870372
209,1056212 885430 1119784 10457128 822115
210,937736 6391517 1109805 1034134 854483
211,847962 9802981 856942 841266 998424
212,6534078 8090560 921277 988835 397896
213,1029112 876593 1013433 1039484 1092945
214,10456226 6391213 8293343 838258 949836
215,895540 1404121 5587837 8068685 906658
216,1085447 6533936 939539 908217 1011926
217,841266 1101959 914753 995598 895930
218,965772 1077133 894439 6544236 1105467
219,9653535 1010578 1076580 843689 883912
220,899682 5585735 1060193 5584007 5590287
221,998424 1139418 12427353 10284946 820895
222,1010308 820301 901403 949836 5586076
224,10204735 7166723 15596933 850925 1033690
225,850601 987122 1046789 910151 1043663
227,5587043 954424 919999 1128828 957891
228,1139782 1090330 926804 1042702 6034577
230,820560 5572828 1070803 995722 941183
232,1014388 928123 1049920 943459 876521
233,1133850 929410 9802981 950557 1115006
235,862732 944018 5582789 1033913 1123434
236,822677 977432 999090 8119157 951176
239,870980 5591627 910439 1076065 9885564
240,1101589 7409785 9420286 1011602 938512
242,939681 1033913 9802666 853643 889965
243,1090330 1135044 1071446 962721 1058939
244,968057 1124128 1070716 1041476 851468
246,978313 1048472 1078008 1024557 1033913
247,931108 9419487 1009631 1077975 947147
250,923169 1035946 923967 847374 995598
251,858478 922847 9573206 894401 1117059
253,1070803 857902 1020739 873577 1037089
256,1060193 1017195 1111786 1006250 1044153
257,900770 5566804 988697 834833 1126969
258,1120741 1870702 937502 824796 1048257
259,5995281 881154 1087605 832768 1071446
260,843842 938203 878667 914697 887219
262,1124971 1090330 1008814 1086119 1111986
263,861494 843111 12427353 1139418 911162
264,6391349 1021694 953134 1030455 1078329
266,1104349 972191 863664 1075793 10456371
267,901976 900770 5569098 935393 900610
268,12262832 1028938 9802914 868088 933918
269,1139782 1069714 938596 1002459 907957
270,1112242 9676938 870871 983959 863762
271,871279 7462562 5586642 1085256 1124729
273,990869 856818 6979579 1030455 879734
274,918046 1106073 978129 927860 1139702
275,918638 857554 1046638 1068651 822677
276,1089766 1058930 867215 10250632 968057
278,1138292 866548 895680 917384 1132956
281,1018050 934399 1066783 7169088 6391517
282,5571261 6464074 1036753 1090017 938118
283,7409644 984680 1010681 1108094 1095751
285,878739 928961 877175 1013389 1093721
286,1115069 1042167 1052920 8015407 1027849
287,1126922 874563 1029112 1051637 865634
288,6534201 1005456 928092 896617 1076587
289,7409622 864279 5586642 819643 6533889
290,873964 838797 995230 1070803 866950
291,911311 1031740 1120213 1077409 1021133
292,864335 1043920 7166723 1135468 7154535
294,905087 1088683 919644 852317 932949
297,1043920 6704207 10285373 1029252 926465
301,1015474 1096563 5565322 1029112 923849
302,1021416 1033913 857540 1133850 7024847
303,822225 6979753 9392700 1070803 898601
304,6979753 857554 9396821 958067 868764
305,1133850 827802 1139184 955867 1044089
306,1049735 8011397 7466806 8011285 8011282
307,1074040 1065259 869195 1019637 1027874
308,6904613 911401 961620 947658 923654
311,965050 992150 1063207 5582789 1029112
312,961620 1122545 6979393 980167 1120592
314,820486 904241 882308 849697 1107089
316,1125891 1124971 841228 869903 1094744
317,975938 1102003 862010 846652 954216
318,947147 1060312 1081919 951102 825618
321,905436 9553042 5580166 5995445 914488
322,8090556 1003699 9802981 835476 6533394
323,957891 1008673 8249432 906643 852014
324,1079528 1044507 920002 1063739 13007846
325,916575 927011 998008 958826 5592270
326,6464144 883186 1052920 1029125 1003770
327,822115 852015 878667 996574 1038462
328,972191 1119950 1033913 942077 6772883
329,876548 1087287 899115 892221 927011
330,1064892 1074040 1043035 1002261 835595
331,863519 983659 9420353 895502 830568
332,1127863 895190 848136 1005637 850944
334,1018670 5569309 957420 949377 826144
338,6979393 13002975 1041157 1031265 848471
339,1031492 1029112 894591 1002459 1082172
342,6533880 938554 6464094 867648 6464056
343,1092588 1033913 1134398 864279 7168058
345,833787 1029112 911974 1010051 927080
346,867607 905087 9245108 1048445 833598
347,1033913 1053329 1027874 887219 911401
348,1870702 1029112 989985 978129 14050461
349,1028422 1125497 963365 843911 5578856
351,8020166 894439 1077133 1087411 892573
353,936830 1065979 1015694 1023858 942271
354,975938 9885206 10285187 7467039 866292
356,997025 1049735 916767 1086119 836635
357,1133893 867469 1009631 1098485 1011645
358,879008 5568489 981677 12757544 949294
360,1073150 876548 975938 5591627 8090556
361,900770 10285187 1075315 955518 1069268
362,1126045 1081533 928932 955921 919589
364,1070803 8019916 995816 869910 1101502
365,955275 995598 943169 8203710 1062128
366,989985 1114992 7443013 828427 877649
367,1058021 839849 1085637 883912 10149656
369,1038745 1023027 857074 989409 16809431
371,900770 1033846 954102 928123 892728
373,975938 8203342 5586658 8203753 10285243
374,1015296 1108094 849066 1094190 878442
376,1057777 834833 1026346 945909 959409
377,994223 935578 1010578 6979128 1112825
378,916990 1126786 8119093 969494 911411
380,1098284 1090706 935570 901403 1096573
381,1033913 950118 896666 906202 1031065
382,1070803 979505 1139830 869868 5996054
383,988277 1057749 1112824 1092588 8090546
384,1061394 869868 7166839 1068957 999090
385,1031419 1124971 1057260 1015113 1026922
386,951176 839094 1052920 1100834 956125
387,1057168 999090 1100368 1009719 873527
388,839849 1062425 1031864 13213203 1029504
389,1019942 13115981 891632 1089024 1016210
390,819400 888543 1072693 5567582 869195
392,1087287 1100049 1028473 6552253 6034577
393,972312 963686 820486 1031316 8015407
394,13008412 975085 5571444 926422 6391381
395,906844 835351 821200 1052920 1093030
396,834103 949836 857620 1061982 866548
397,6904613 1107973 892573 964594 1015280
398,1029112 1045478 938203 1052920 869868
400,5567702 12695874 5566235 8090560 6533889
401,942166 1027610 827683 895540 15571290
402,964594 13842090 1136033 9189814 1006483
404,1092588 1088771 835279 971983 1090587
405,895190 7167836 5587043 1012052 1070076
406,925350 1044507 925425 820923 1033913
407,5568661 965821 1097001 15452705 13511457
409,13007600 1038443 13986420 836286 1090017
410,861485 853553 13002975 901976 1125382
412,849098 864063 947147 937566 7167853
413,1033690 970160 1064892 1036753 901066
414,872066 1014999 1117690 1082212 850652
415,864893 1062572 1090884 890127 1128608
417,5593033 1002261 1029112 5574045 961003
418,852360 13008223 983316 13190349 901067
421,1038038 949836 1074040 1048893 825753
425,988572 843464 969419 985889 6391541
426,1064892 899682 822646 894360 1130111
427,1029252 887225 1054539 1102416 5565925
429,1006342 1048260 904422 6443350 906309
430,6391349 1042571 6534330 10456015 932761
432,955043 835578 1030093 1115069 1041476
433,1089392 845053 1036753 1056651 6979518
434,1039781 6904613 1100049 845109 891648
435,2384597 970160 1008012 13986420 1075827
437,877310 1052294 984680 863519 9420353
438,949377 9881593 1056162 907281 1119374
441,1124971 906844 1038985 827856 6533681
442,913270 9526624 7167853 1091365 12384177
443,8011397 1044507 9396705 6534078 9526906
447,909522 1057260 910151 919999 1112627
449,9934800 964327 965555 1027849 9527223
450,8015407 912146 9189814 13842214 13842090
451,1014388 1070803 1006111 1109014 1052920
454,998621 1076666 881047 12525247 9245413
457,1065259 5590965 1077409 1071171 1032549
458,828588 12782182 949836 852600 910439
459,12262832 972312 13007846 1039682 1132619
461,980657 1019744 1074612 918684 958252
462,1011926 955921 936830 1106073 825170
463,838797 1046689 929484 5568758 12330376
464,841266 1041157 9297602 938217 5571444
467,6979089 885928 9296804 9655715 1033913
468,1118946 916578 1098284 1026346 8119303
469,1559515 1033913 932006 1005849 1098435
470,1119784 949377 886803 828427 891542
471,1029272 836703 1075007 1119405 1071446
474,900770 1088683 833351 1033913 1116578
477,900842 8011285 12781869 1069296 886125
479,1037840 942088 1063207 1001845 1085604
480,1033690 1028950 1047769 871433 825618
482,1119784 943522 906646 1088771 1054383
483,12731470 1031265 14043826 929628 861973
484,823099 1027874 1118946 1006483 1048750
485,910151 7168431 1030362 845193 1121636
489,1111896 1019247 1128828 858743 957891
491,6533936 1046839 981222 1107760 867469
493,947267 1093697 933569 8090539 961620
495,1024032 842533 955867 919406 1003836
497,982989 9707137 1012913 5567148 925425
502,883428 1070803 1135868 1038462 831587
503,835351 971983 842698 1078329 1073150
506,201704 6391349 5568732 1018818 1076597
507,1008012 857554 891542 876548 1044259
508,879504 919535 920191 835864 5565802
510,1036501 850676 6395923 5995281 1073150
511,1071171 1116635 842416 1006664 925258
513,865026 1117690 983959 843911 1052920
514,923169 7466806 1126786 852235 8011285
515,8359154 894360 1015826 5580166 1038462
517,943141 931579 968759 1046839 1033913
518,900770 915064 1031316 6391557 901460
520,911915 7167218 820486 1075315 966494
521,1056212 8011285 1051878 1048237 1084036
523,970861 898121 869195 1056651 904815
524,5569792 853553 958252 1118623 884089
525,1117690 842698 1026258 1033913 1124971
526,7169088 1091090 1060292 5995281 8090556
527,5567582 6514259 1131321 1046584 12987976
531,7146026 880888 870826 849274 9677447
533,1002459 969419 1036419 927028 1001845
534,986826 1115360 1064892 948478 926422
537,1116635 1065538 943522 1098435 843842
538,846907 1017127 1082212 833556 880253
539,1107760 878715 1088448 14077333 15596933
540,1047769 5569993 841016 6391381 1033913
542,824796 1082990 1089108 852181 1020208
543,820486 949377 829459 879734 1056162
544,1029112 869868 7166839 1076065 927681
545,980488 847966 907281 6391203 828427
547,924004 877193 842416 955043 5569074
548,1001333 824073 1098435 7166839 869868
550,1108488 917438 959987 1068957 878222
552,1069039 1132956 1096573 1088683 863885
553,842416 1030362 1036501 924004 1014860
554,1026931 1072086 875979 942158 833860
558,1134296 1039796 989150 1031265 870372
560,900770 978343 6391176 6391203 6464208
562,1115069 7169088 6544236 902640 1029112
563,894360 948478 873527 852317 1009482
564,1039505 1091090 1076187 8015407 846301
566,962199 1052920 834103 7024847 1041157
567,10204735 1054383 1089766 915651 13777104
568,1101589 905817 1075765 865330 995230
569,6391080 925425 8293385 1058939 981677
570,9676938 9803592 8090560 938596 926465
574,12352054 891505 914754 1026334 1118120
575,1126310 1049735 1100410 1026712 855718
576,931579 1029272 7466806 8011282 8011397
577,841266 1020739 7146026 9526624 1042345
578,942166 847207 1006483 13008321 13007355
579,6534201 6533880 1091365 6034577 5566717
580,1118946 821787 827856 1014732 909497
582,965555 949377 939860 1056162 900770
583,1138292 1120741 8020166 1076306 9396705
586,906335 823365 5565664 9802666 897341
587,939789 1114653 1029112 908181 864312
588,7410336 916654 1023473 983659 896611
590,888650 1136353 1003497 5572276 1102845
593,921288 853998 7166723 1023160 1010308
594,923967 1002459 985605 853221 881074
595,1093966 8090556 1070803 1036139 1013389
596,1025581 1084036 1115069 879734 12731621
598,9553048 9553382 986187 939860 1047923
600,1104349 1110483 1015474 914753 1102829
602,10456371 848356 882308 833940 955043
603,1059308 992650 866950 1071333 865330
604,7441668 1028738 834129 897083 900586
605,965772 13133916 993441 6533746 899446
606,970160 1018050 1005637 928092 9526757
608,6979753 5590965 1038462 900770 9655528
610,8293382 850044 1041476 1008673 831937
611,6534201 5568072 1037631 822677 1128900
612,1103476 826695 12132648 1029289 820895
613,1066893 874563 912681 939860 864063
614,1039781 1106894 975633 5565925 889618
615,1006264 1000205 934848 13008334 986021
617,10345155 878026 1137176 970725 1120616
621,1090330 1112825 971474 1070803 1097635
622,1049906 1006664 1107760 1052920 1029688
624,8069336 850614 9881948 1019637 947147
630,6443350 6464147 880895 995276 1138631
631,1043035 899682 5587043 1009631 5585636
632,1054030 939789 1010308 954642 922847
633,8119129 5590965 8090546 8119303 999625
636,8358933 912681 885917 10457128 848471
637,1114811 883186 923780 926905 1135681
638,1059347 1053530 924427 1033913 1070803
640,891393 1043006 1088414 5571248 1011141
641,1104349 5572803 1076666 1131830 1033913
643,845814 1125943 6391532 937736 872729
644,1019637 1077975 964327 899580 1026712
647,1043920 8090536 983267 867607 969039
648,835351 1125497 1085563 921288 10356076
650,1559515 1870702 1082185 6534178 1029743
652,820486 1101932 998424 1065061 1029252
653,1037840 839849 1067443 977559 1070803
654,864893 1096842 1086061 1064892 1033913
655,1068651 902856 901976 1074608 892936
658,1056212 895930 1084001 1021416 869047
660,886996 862010 1048445 1033913 1043787
661,1138292 904359 1004596 1096573 851188
662,862535 6773204 8019681 1115098 916758
663,1075305 1052920 984677 948190 9803371
665,1071171 1088771 1103826 1070803 1068957
666,972235 1089066 12523928 1021133 1053329
667,945909 898601 1032150 985605 1064443
669,1076580 833556 846907 940770 820560
670,899115 840640 8180927 9573206 1129321
671,1020739 904105 949151 8273950 1097001
672,6961848 8119319 860703 1017061 948651
673,1021133 13007846 1039796 960999 5566309
674,1006187 911614 936914 1037631 934399
675,985055 940023 1139142 1119667 903150
676,1095227 7443013 917033 5569135 848878
680,932464 900586 1060193 864312 891028
681,8019916 9677447 872066 1102003 1134483
684,872702 968057 5995215 9245413 889779
685,1015539 1097398 13115971 895502 13986420
687,5569349 914753 937110 990453 975938
690,1088771 1070803 1031316 1084036 1006664
691,8011397 906844 919535 8011282 9651582
692,1067443 972416 894236 1004436 873887
693,1104349 1044188 983267 901067 955075
694,845814 879734 1037840 1138423 9526448
695,13039088 1029112 840386 963339 1033913
696,879393 975633 1048483 5580525 931136
697,13008223 13007411 1121720 1029112 13008314
698,997096 1063876 9392700 5566804 1071171
699,847066 1029125 1027835 863519 1085351
700,1069863 1124695 1021116 9526564 1053730
701,891632 1033913 935578 913026 1029112
702,985605 1075305 984677 838136 834236
703,1404121 1121720 1046275 916575 970365
705,912112 871876 824073 914697 9526630
706,1033913 1107973 923169 898601 1133850
707,1075786 1033913 975938 7025114 6533889
708,910439 1010164 1043006 867138 12524174
709,889692 5570590 992622 891505 1080677
710,858478 987947 820486 960318 1057168
712,925863 963365 900842 915493 1033857
713,1052294 841266 898601 7409957 875392
714,1004097 8090546 1096573 1093113 819765
715,6463520 9297056 6463451 1116589 1139830
716,12262832 1052325 12757280 868888 975938
718,1139220 1051542 949836 985605 856818
719,1050543 1099802 902238 1034837 895930
720,1056212 1115069 879734 895268 1083254
722,868888 5995603 920958 9803592 925854
723,1043920 1071343 9419443 9802981 6632283
725,835864 1068957 1115360 1075305 1053612
726,852600 942077 1033913 1040701 1118623
727,935126 830795 1085351 867648 9526757
728,1106117 900770 1069039 1093444 971474
730,1044487 971983 6979089 1006664 927382
731,1090330 1027808 6919433 1107553 5572828
733,1034837 899580 966891 1119374 1126310
734,970160 845163 979312 5568758 6391381
735,6534871 1043663 958067 973648 949023
736,955921 975938 5571444 1033913 900770
740,1099945 1089392 936830 1097909 1026094
741,13213604 997987 1109598 1006264 903738
742,870980 940024 1114653 955043 1120741
743,1077975 958067 12523928 935126 852015
744,13115981 1097909 824073 996795 1073426
745,1077975 1029112 8203451 851188 1109014
748,1138292 1103476 1052920 900610 1037894
750,834833 10285187 829459 900370 993436
752,6534078 856515 987218 963194 1023979
753,8293439 847207 5568072 1030362 12262832
754,1070803 1036347 1076187 873887 900842
755,1006555 7168890 1063207 12782182 1091365
757,1071594 831728 9677447 869868 834516
759,1075524 906844 5567601 936914 5570685
761,914697 905072 832976 9934800 1028473
762,1091365 962199 1011300 5569993 890536
764,1028422 7409618 9420067 1086038 9526100
766,916990 965050 9547021 1096556 1059891
767,1042571 1015781 1104349 921920 1131620
768,1126310 1100410 1026712 860890 9527223
769,8019649 931108 989101 1121624 847962
770,1067443 1060292 1015974 1054688 947427
771,957891 1128828 1068651 1104224 1022066
773,9420181 835973 847374 9651582 9655528
776,851188 901762 1027039 965889 901916
777,6544236 12782182 862725 947654 1028891
779,963365 6533362 1033913 925350 1057260
781,986939 1029112 926065 918688 868888
784,1102250 861485 939442 1139782 921288
786,878715 1065538 907647 1033913 972665
787,1079528 1044507 1128828 957891 1104224
788,996425 1052920 879734 901976 948190
789,1070803 9420181 838738 1091383 971807
790,1100273 9297055 1139569 1087287 5995177
794,865026 869195 1033913 950638 943081
795,956125 916575 909638 872021 864532
798,9338009 7169088 985605 9655679 5572828
799,1090330 949377 1034837 821787 1031492
800,926465 1005583 5590965 1138132 1062869
801,7169088 909497 877935 10456226 1094924
802,1118946 870420 898601 1094004 901403
803,884089 1123045 901747 969866 1113651
804,1005172 1114263 984677 942475 1028950
805,965821 949023 908988 1128900 959409
806,1056212 868539 1135932 846634 883313
807,8090653 7409957 896444 977831 965530
808,1109408 894360 1008814 1016800 7168058
810,885463 962274 938849 962615 939442
813,931579 1085447 1076187 6534030 6533608
814,993703 918046 9419422 1054080 1043920
816,965050 938187 857736 878667 1097704
817,1092588 1027835 9420181 9420048 1094924
820,857902 906202 877310 852015 9802914
822,917407 910151 917277 841228 7168431
823,1559515 1118946 835578 873964 877175
824,1086061 1046689 901067 13115579 1045478
825,6533889 915493 867469 896809 858743
826,1030093 12384431 986869 970792 961620
829,834236 998424 896666 927325 997506
830,1089066 992621 851147 993512 913046
831,948478 1069003 1115360 1033913 828139
836,990869 905459 938841 999581 851287
837,1112825 1033913 1006250 5589247 852360
840,865569 1090884 964221 7410071 927238
841,1065259 852015 1054383 1030093 1135468
842,9245108 1047987 904359 972312 6396566
844,5566472 833577 9396821 891542 9859060
845,8090533 1033913 9297056 868888 5577022
846,8019916 1138423 6391176 14025461 919999
847,1070803 1005274 6464165 1001827 891542
848,1082311 826666 971896 995502 870608
850,7142556 1128900 871162 984677 878445
852,1076187 1011926 872066 859160 1055737
853,975938 1082990 835351 871722 862010
854,855229 1027960 1018588 862488 5569792
855,894360 10204735 7409644 1008212 858181
856,928749 8180927 9419487 10341855 927028
857,1070803 935126 1033913 839262 9803545
858,1559515 1116050 910473 9416653 1081421
859,6395907 1075368 1076065 1008814 1090330
861,851147 1121193 1056212 861485 1029112
862,1090330 864335 1058930 9885206 896938
863,5569135 6534871 877310 928932 949836
864,1005576 894439 895930 1070803 1079724
865,882308 1003836 1135044 949257 1008074
866,1086740 16809471 830686 1001788 10198378
867,900770 1052155 1063739 6396572 10285187
868,6534078 856942 9884484 894360 930955
869,965701 896672 996444 8019216 983000
871,897083 889551 1036753 992150 854754
875,971983 836085 835296 12262832 10204735
876,12352249 12782182 1123106 1074283 848268
877,1113667 8011397 10456152 867469 13986420
878,947798 1015296 1084208 901403 1091793
879,949836 1033913 9553042 1102003 5577022
880,1027835 1011141 1063578 1040175 1033913
881,1120741 1017061 9884698 8205731 5996054
882,949836 1053329 1052920 1115069 7024847
883,1057749 9420181 1110111 965772 874149
884,1015539 1097398 1095906 9802914 974156
885,1107760 1006483 6904419 901067 9189814
886,1078329 863762 868764 957190 969419
887,820486 1084036 1032703 1130716 1019196
888,1112242 918598 1131382 892004 926465
889,9553048 9553335 8090533 1035946 983316
891,8090956 945652 871722 1070803 6533681
893,843111 13382308 1106116 1060318 8292958
894,1138631 9392700 921406 883912 833556
895,828139 7024847 948478 868888 5995603
897,1044507 1079528 928123 945372 926307
898,891542 1051878 1011926 1057260 1030362
900,890536 1126045 923780 879393 1087362
903,1026235 876626 942166 885406 823576
904,891505 1033913 842698 831578 841016
906,1048237 860703 1027960 9297056 911974
907,1092588 883549 8090539 950550 1099058
908,1078666 9392700 1057260 955887 1125497
909,7024847 9935616 9526630 890536 5570513
911,8011285 7466806 8011282 8011397 896666
913,1093490 994223 824758 1023226 1134810
914,1073150 1064002 5577022 898121 6961848
915,1036753 1043006 910439 1033690 1057260
916,480014 824193 1054945 9483753 909638
919,1128647 12781869 991379 1052920 7409957
920,1058709 1097001 1052920 7152455 1101589
922,1058404 1132198 828139 1121193 827332
924,6391541 1098694 974524 892500 999631
926,1134633 956813 936914 1090017 993441
927,990897 9837065 926422 1010578 846045
928,845814 5565802 1029112 1033913 1051489
929,1109408 1010190 1080566 981716 1104475
931,12523928 883819 1085637 1043726 7462562
934,1052920 1033913 1075315 886803 863337
936,1105411 12263108 935578 931297 890536
937,5587043 5585636 5586642 840609 1020156
939,916767 926804 822677 1128900 7167249
940,1019637 1074040 869895 9526448 821565
941,885463 12352054 1052325 5567702 938849
943,1090330 869195 10198378 9245413 9245462
944,997309 903609 899115 1070803 1029272
946,970365 1056212 854133 848669 1052920
947,900770 10285187 1134296 901747 895930
949,873527 1002261 9573206 7168057 9420336
951,845814 977481 201704 821025 853317
952,1029112 5586658 925282 856215 5584100
953,877310 6979427 5569135 1029112 1007414
954,1559515 1870702 1082185 6534178 1029743
955,958067 1077975 1063707 860703 900391
956,1057749 879922 1104349 6534166 981591
957,14019790 1032703 943522 1011141 1116589
959,1029272 10455984 1047076 1118623 901470
960,886395 833556 1053016 925350 832768
961,965050 1029112 888532 949836 1090909
964,956125 1137010 858102 8019916 1044188
965,6904613 1052920 852015 1101589 884897
968,1114992 916767 892004 1093721 839094
969,964221 986760 1002771 1046584 1117393
971,1059763 1085447 906844 1119399 919535
972,1870702 6632283 13008334 5703832 1136719
973,1000542 5570685 921406 1071446 8066803
975,868888 910151 1027835 856215 6533889
976,9392700 9677670 898612 836393 13007284
978,862535 1036753 1113721 968759 870420
979,8066803 888586 871097 1042702 962266
981,1097909 901460 1007210 7146026 1092937
982,1069256 843111 928626 5563693 1112627
983,879734 884089 9487463 838010 933569
984,1033913 1052920 9655078 5995603 833351
985,1074040 907647 397896 1113721 1090330
986,1116635 873964 880895 975938 945372
988,988116 927080 1049735 1038443 5568661
989,7024847 1089766 947267 1031864 852015
992,5995597 935578 1063207 998424 988697
993,8293439 8090539 945909 8293343 13007772
996,1058709 953539 1010308 1105467 13842088
998,1132956 901460 947267 1037840 935990
999,863519 983795 847962 830568 6704207
1000,1076065 12427353 1125948 901747 1139418
1001,997987 1104475 900770 8180927 9526254
1003,882826 8015407 7152455 851188 1087411
1004,961620 897083 956672 8205731 8203451
1005,921920 1031492 954102 1089392 835476
1007,904359 992622 6395907 1404121 868953
1010,1076954 953539 10284966 949836 1058404
1011,951176 1081919 1033913 992150 1083070
1012,1077600 8181477 5995158 845814 961846
1015,6773232 5585735 1029272 1005911 1125943
1018,862732 1036501 1131321 860890 923169
1019,935796 996425 878398 5567325 1075827
1020,994223 977481 1071343 920695 828278
1021,10345155 10344971 819487 10344585 1120616
1023,9859182 936830 920025 6533889 9296837
1024,1008288 1031316 1097001 983753 972312
1025,1128464 12132312 5565392 8019916 1053612
1027,1070803 1018050 1097635 870882 867607
1029,896666 1021416 9297615 6391213 852235
1030,9487769 987218 918598 823775 1108152
1034,965217 907099 898847 9297615 9297056
1039,9419422 820923 938512 884686 831063
1040,1093966 999090 841905 6396566 1105411
1041,1077409 1127470 884897 845163 1071171
1042,1027874 822677 5995281 8011397 839849
1043,1870702 1082185 6534178 1029743 995242
1045,1070803 873964 1043663 1060269 942166
1046,888104 9392700 13071902 913270 899580
1050,972312 1015781 1044299 13381584 944588
1051,970725 1010119 865026 821787 989409
1053,835279 833556 846907 6514085 1124971
1057,1033913 916990 1079528 879008 1087287
1058,918046 1044955 901976 1047987 10341855
1061,943522 1029112 9885206 1075765 5565802
1062,984677 1116578 1127624 5565784 1042942
1064,949836 1033913 825176 985699 9655528
1066,989101 1096261 1116589 895268 819112
1067,975938 1070803 1039876 8293439 947267
1068,1031265 918046 937110 841365 854133
1069,5570590 9420181 863664 7152455 843842
1070,8293439 5570513 10254584 877175 6533936
1071,963228 1045478 920308 7168224 887691
1073,885356 13008327 1013597 6919082 956672
1074,8011397 8011285 8011282 7466806 6391213
1075,938554 882826 988697 1052920 896757
1076,1052920 1036495 846045 7169088 1090931
1077,891632 1024319 879504 9270757 909338
1078,914697 928092 6034577 885356 5565925
1080,949023 1119784 9802666 866548 971660
1081,5570882 974265 908217 927860 1024319
1082,917277 853317 870980 1051626 827856
1083,864335 1029112 904148 1014054 1007269
1084,981591 6704207 879008 1058942 1095040
1085,1089108 7409957 1120616 845814 1016538
1086,951102 1076954 1008074 1131558 825618
1088,1045478 997011 1077600 861701 12525082
1089,992622 1138292 982469 947798 1020729
1090,1090330 861485 859610 974265 1096643
1092,1039627 916578 1098284 1067779 993379
1093,879143 9396821 1013407 888543 1044259
1094,983795 5567486 12731571 989409 10204556
1097,981677 908988 851066 939681 857130
1098,1027874 1118946 864893 9526757 871162
1102,1086038 1070803 12523928 9651582 1028422
1103,1048889 1005637 862535 1006573 1022654
1104,5571261 901460 1104224 1065979 1040812
1105,961003 6391086 897671 5566472 13008314
1106,1101589 1087411 982039 925863 1129049
1108,1870702 1088771 1033690 1063739 1108624
1109,836085 1109014 9296957 1100368 884686
1110,1775642 1870702 1008288 1031316 1086061
1111,927681 878398 935796 887219 1117039
1112,1101653 1010681 972445 6533889 824073
1113,9265288 6410462 1138631 1047076 10455984
1114,1060673 5569135 997011 1063439 6534069
1117,866548 9552735 1093444 825176 1031316
1119,5585186 5587043 5585636 901460 1126045
1120,988697 1023830 1091383 12524174 5568758
1121,983267 1022654 939539 1084001 918907
1123,1079528 1054402 857176 6514085 1087411
1124,852015 1128647 1033913 1096573 1048299
1128,921406 1116050 1041157 1044188 9653535
1129,899115 1131620 1094924 835558 869910
1130,1071171 1119784 1109778 1014388 943522
1131,864893 950206 1052920 13380863 918046
1132,1070803 949377 1119374 1032703 842407
1133,1033913 5567582 5587043 1112205 1018670
1134,981591 920025 1042571 1112825 833860
1135,1118946 972235 1090330 925282 9419422
1136,841365 949023 1041928 1114263 998536
1137,935527 1058930 1096261 841228 885290
1138,5571444 1015539 1097398 937566 8015407
1139,1131625 942077 1028891 1112824 9270367
1141,5564850 1042167 904359 900770 1093113
1142,1064892 882826 1105426 878715 1029112
1145,879734 1135681 974179 1052920 874563
1146,5569135 910333 996123 923208 1026346
1147,1043035 1016800 1004596 1098694 15596094
1151,982469 958067 13189919 962266 1029112
1152,1110111 1048445 5703832 1112242 1052294
1154,841365 835296 1001333 971474 842698
1155,847966 1016800 6463583 992650 1071713
1158,1049735 916767 1074040 853317 825753
1159,6391080 8090556 1054483 10284946 1050741
1160,947267 911675 1106520 1009476 12731641
1161,1046839 992622 1006555 944376 1100273
1163,960142 1033913 1070803 926763 5568964
1164,1077975 9802981 1003441 1069714 1059891
1166,1134296 919535 972416 829459 5566800
1167,953243 857736 1110743 865511 1039672
1168,1019637 1114653 826144 938190 8292958
1169,905072 1004950 1029112 902377 985911
1171,864893 5572220 1136657 994577 1065538
1172,963686 975938 1120261 1052920 1029112
1175,8066803 962266 963365 968759 6961848
1176,1139216 1870702 1082185 6534178 1029743
1178,992622 6464165 1069039 5568445 13158064
1179,1065979 1116050 1076769 1033913 1070803
1180,1075765 12523928 1070803 874563 834833
1182,397896 201704 888650 820486 842392
1183,1044955 871279 927325 1005935 1065122
1185,895930 901403 1104349 887225 900391
1186,6034577 1094924 1028422 835279 903800
1187,6979753 1038462 891217 1023868 900391
1188,1052920 913490 1090330 924610 15596933
1189,1015296 1095906 1117039 1062869 900379
1190,1043920 1116635 846045 1128955 1057168
1191,901066 1033913 1057306 872461 1139786
1192,5668996 1559515 1115552 992870 947267
1193,1105467 8090542 9802914 949377 1058709
1194,901976 904774 1052920 1038745 842423
1195,1036753 901656 1018278 6514259 989275
1196,1012801 1090330 1047076 5573375 6533880
1197,9189814 964594 7169088 13842214 939860
1198,915064 918688 879506 879280 1010308
1202,836085 6424447 13213604 968774 13382402
1203,1069506 905817 850601 9803592 849098
1204,852015 917033 9420336 1052920 7024847
1205,5571178 1072086 833598 870128 9802666
1206,861494 7409618 849697 1134483 1087995
1207,12524245 1070803 1046144 5568661 1083733
1209,891520 953539 5567702 1132204 960791
1210,959987 1029112 5586955 9575582 5585966
1211,1037631 918598 6533880 921277 1121720
1216,999625 14019790 1018364 991844 964594
1217,1134296 1139142 949836 13008065 1012514
1218,857736 1065979 1033913 5565784 939789
1219,1031265 13987135 1047987 1138132 10456226
1221,915493 987006 1027808 889649 1029112
1222,1091090 1031316 849505 1126203 1036753
1223,1002459 969419 8205418 992826 5568661
1224,1022066 1109778 1043006 993703 920191
1225,997011 1029112 1019637 949377 16809471
1226,935796 1117039 919089 927681 1026748
1227,5747420 201704 9553193 1051878 1052920
1228,983795 1065538 1115800 8203710 8019186
1229,869195 5995281 921288 823099 1070803
1230,5578856 1082990 8019273 1067749 1065538
1231,961991 1088448 8359154 998843 894439
1234,916990 1102003 1042702 1127716 847066
1238,879922 5567601 1098435 905436 6773204
1240,1044259 865718 1033913 935578 1054483
1241,821741 5569135 1089108 965889 1138858
1245,914753 849098 8205731 936117 989354
1246,1097635 1137507 860703 909750 927011
1247,1117690 1058939 1099945 8066803 1044153
1248,914753 13158064 915459 5568661 903123
1249,1032703 914753 1063739 969419 7025106
1252,867607 8090533 1126310 1100410 1063876
1256,1058939 1000542 857176 1126711 962266
1257,999090 880253 1033913 847207 7410215
1258,5995281 821787 5570513 852600 13008459
1259,926903 1121636 985911 1083493 1126870
1260,949257 925425 9859128 6552253 867469
1261,1126310 1100410 1056212 1034837 1050543
1262,869195 919999 1087287 1029272 870018
1263,835578 10198378 1007687 1016800 877175
1265,1054402 879504 1046968 1070716 1121624
1266,833577 7167249 1083328 5571261 8203851
1267,9189814 13842090 979239 851952 1033913
1269,1101589 1031316 6533368 1057260 870420
1270,887219 935796 1070803 6464144 13002975
1271,864279 978343 935126 6533936 1100265
1272,974766 10150078 837969 6514085 905436
1274,5569792 973783 5568072 879504 5567874
1277,1006483 1090884 8090542 1009631 1116635
1278,1086061 1108094 6554400 954102 841905
1279,1086038 938597 1106116 1092446 949377
1280,5668996 949377 1119374 1109408 833556
1281,1033913 1112825 1021133 901976 1043920
1282,1096573 851188 850652 928932 884897
1283,5568964 830795 948420 988697 962522
1284,918638 864893 1098284 877175 920308
1285,829459 1102003 907281 899580 1109408
1287,981591 1015781 927851 865196 1130375
1288,1090587 965555 909396 990984 1135059
1289,12781869 885750 13511722 1064213 999631
1290,1070803 919999 1027421 13512060 13007411
1291,923780 1087362 935578 851188 1007414
1293,959409 1126922 969419 1065259 988572
1294,884694 12782182 908346 1067749 1052920
1296,935578 9526628 838738 1113721 1070076
1297,867138 1070803 1076587 970160 5565151
1298,5571444 955043 972657 931255 909497
1299,1006555 1016129 6534201 1062095 853553
1300,16809431 9245108 1090017 1051093 853448
1303,1118946 1005172 972312 8090539 906844
1304,935796 1118623 1122085 849098 1138772
1305,1112242 1104349 1069538 939681 1057744
1306,861701 910333 896761 821970 940332
1307,9802914 9297574 5585966 890536 5586658
1310,822677 1068957 1028938 1082990 926006
1312,911974 1027835 1045586 880253 1097991
1313,1106390 1099945 1090330 919963 926884
1314,1102416 963365 1029252 1015280 1050741
1316,1138631 821565 864335 1060312 1034955
1317,1138292 1016298 5568489 1110042 891505
1318,904241 947427 843842 941368 820486
1319,897671 995866 1056933 949836 1103826
1321,981591 869622 1043095 1082947 1107661
1325,1003699 13008412 954077 1116050 1126711
1326,1056212 9575582 1063739 1031864 1128464
1328,1070803 1062425 901403 931532 871162
1330,9526786 880888 6904419 1112766 1094371
1332,1036753 5566884 1112205 912287 904813
1333,888586 5995603 1033913 13008065 9338009
1334,1090330 969945 1110042 844759 1088448
1335,1010681 7166839 1029112 836286 869868
1336,938139 1052920 5995985 1139569 1100273
1337,947147 931108 923670 892728 1097544
1338,989985 839849 996425 984677 1093444
1340,1033913 900770 1024032 902377 8090956
1343,964221 6533681 13842224 849098 5568445
1344,1008288 7168057 1098435 1083493 5564236
1346,5569309 5574377 480014 5569993 903738
1347,984680 820612 7166723 982469 900770
1350,890513 951746 988697 14050461 9527487
1352,900770 871722 1116050 823099 915493
1353,886996 966891 1090330 954642 825176
1354,1088448 865569 1115800 1126045 1081533
1355,1005935 983078 857215 934172 6551990
1356,939527 1126203 1048893 1022859 1004385
1358,1093966 975938 1050741 10198378 6632283
1359,990504 1129049 1029112 999625 1081919
1360,845814 1087411 877798 1076954 9859128
1361,8019186 14019790 1033913 848669 844282
1362,7169088 921406 9653535 1065017 7168026
1363,906502 862010 1017041 1034956 1102416
1364,857176 8293343 1119667 1056212 1065979
1366,5566800 1070803 1029112 9934800 1054654
1367,1116635 8090550 1076467 1015781 871722
1368,9297191 1023226 1134483 5564763 6464074
1369,867138 985889 879280 1011926 1097239
1370,869868 7166839 1068957 1001333 1061394
1373,1033913 1087081 1071446 975938 1136657
1374,1043006 921438 1118623 1070803 1054402
1375,921406 823099 948495 1125497 9655242
1376,871279 847066 824073 10344718 1034176
1378,9653535 8011397 8011285 7466806 8011282
1379,1010190 869195 862732 1062095 902640
1380,867138 1083254 5577022 822115 1138631
1381,834435 918046 956672 5567376 6772852
1383,1018588 1077975 1135564 13190349 1060292
1384,870420 1051878 1044472 882441 854133
1385,1075765 1084208 890909 953677 5568197
1387,854133 9270367 1017369 903150 1100379
1388,1022066 997025 1010190 9677447 873577
1389,964120 1123045 935126 1070803 862535
1390,819112 833598 960421 882308 1061394
1391,914488 965772 5580166 8011397 1110624
1393,6919082 1010259 12757544 843171 926796
1394,870559 1125601 939789 915493 961021
1395,916578 987006 1033913 906844 6533608
1397,918046 1085983 7410071 1062283 865569
1398,1052294 894360 6632283 882489 6979160
1399,849098 5995597 948150 929751 855718
1401,480014 1015694 1075305 846241 981874
1403,1052294 10204735 863762 906335 1026058
1405,1069506 9934800 5587837 5587502 5583944
1406,6544236 1070803 919644 1115069 995598
1409,1116050 201704 1076608 1125219 998558
1410,10150078 1031316 1008288 902037 1033913
1412,8090539 1032512 906581 9487606 949991
1413,1054383 1033913 960484 989354 1134554
1414,1033913 833351 871162 826120 916767
1417,10198378 10285187 900770 12484608 6533889
1418,954778 7409618 875286 1118946 956672
1419,1019637 1114653 1014732 1009343 1090706
1421,6391176 1012523 942045 6391203 909396
1425,916575 1092945 1132956 1000707 5574377
1426,1082990 940770 1039876 1006483 1044153
1427,1043006 884897 9553042 1039484 1064892
1428,919126 1052920 1006250 986826 6463451
1429,1031492 926909 15596933 1088448 8119302
1430,906844 900311 1033913 905436 1089392
1431,849901 1060292 847374 1015113 934399
1434,1094371 6979128 1121213 1029112 953609
1437,1032703 1103826 945652 7166839 1070803
1440,7443013 13381584 1018364 10204556 7166723
1443,942077 965050 906844 896617 1111080
1445,1033913 1068651 921438 1005456 1017369
1447,1113462 6391137 900391 958067 972312
1450,833351 9526757 1033913 984677 922847
1451,989275 1046500 9934800 1041688 1014458
1453,975938 1092588 1033913 851101 862010
1454,1045228 879734 1091901 1108094 1115069
1457,1083947 918046 822115 13189919 903123
1458,962266 978270 8019748 950098 888586
1459,857130 934948 974265 948832 918046
1461,5591490 6979579 973181 840386 13008334
1462,7409622 9526906 820486 1011926 1057306
1463,8090560 822677 10284946 6391497 9707137
1464,908408 8203851 868539 955403 1106271
1465,921406 1085435 8066803 854133 1094371
1467,890536 13511722 1105426 1085604 859237
1470,1063739 1090330 1008288 1003836 1070803
1471,926804 8180927 994868 1038684 854373
1473,921406 8119319 10344585 1099945 1006063
1474,5568191 948119 1110126 896666 5581335
1475,1027835 897946 906844 857276 1048257
1476,823099 870559 1057749 1063876 907099
1479,977374 932462 1102250 1058709 1036486
1481,1089074 1017195 926318 826272 873527
1483,864335 7024847 1052920 955910 1083446
1484,1049906 915459 828139 1036139 915493
1485,1052294 878715 964594 13842214 13842090
1487,1002236 1022654 9526770 1088308 825882
1488,1100555 6773230 9881593 1114992 953539
1489,923967 9553382 9553048 9553335 1070803
1490,9297574 9297062 5566209 6979427 6533681
1491,928749 1029125 847066 1005583 825249
1492,8011285 1033913 7466806 874877 950550
1494,838797 1104349 875392 924978 920288
1495,827856 1038745 1113721 6979393 864143
1499,1033913 9655078 1018822 14106445 963365
1500,1091090 7168286 890536 1104898 939860
1501,819643 8019186 1079528 1116741 950118
1502,9338009 1017195 7441668 878222 6904613
1506,988697 958252 835595 869047 1113792
1507,1033913 1097661 879922 1106894 961991
1508,932949 871722 959179 480014 7025496
1509,1028422 846045 1139569 885928 1095275
1510,1126203 957891 1128828 1104224 894236
1511,7146026 975938 968932 946244 1100834
1512,1404121 8090653 828557 8090542 927011
1513,1118946 13511722 820486 7462562 1112825
1514,949991 1029112 1023858 880253 868888
1515,911454 1058404 1116671 1070803 5567486
1517,1135822 1090330 836286 842416 1107973
1518,6514259 1124029 1057777 5995281 8203851
1519,1067443 6979220 1133210 1037631 1090330
1521,975938 1023027 919644 937566 1082947
1523,1131169 899682 824037 939527 10204735
1524,7168286 830973 1114251 1033913 1095751
1525,883819 840011 911622 873622 922847
1526,7166723 10204735 864335 894236 842698
1527,1068651 1099164 1110983 1125497 862335
1528,1006922 900770 1077133 894439 13842088
1529,1069039 965530 936117 898847 955074
1530,936830 1063876 999104 824758 903800
1531,1100410 1014732 899580 1026712 1126310
1532,894236 1095275 862010 9802981 8090513
1533,1005637 1084001 850944 971474 895190
1534,864893 851146 1065303 947658 9526100
1535,1002787 8203851 9884484 869047 5565802
1536,10285187 900770 916990 865511 1102003
1537,6391137 1028422 917277 872066 916575
1540,877175 911311 8015407 852317 874736
1541,1012801 849578 931579 5995427 857736
1542,821083 942166 1054030 962407 1028422
1543,1096573 1008012 1031740 6396572 8090560
1545,1015694 901067 1045826 985605 858439
1546,1033690 1036419 828331 888476 932949
1547,957891 1128828 1104224 857902 894236
1548,875392 1134483 879734 1070803 932182
1549,1086038 1021133 1075305 7142556 984677
1550,959409 7167218 9707137 7410215 1113588
1552,838712 835616 7433888 997309 1012052
1553,1126922 937046 1051626 968057 1027773
1556,980488 847966 6391176 842416 924004
1557,867138 1102829 970160 901776 1020208
1558,1030093 1013389 1029112 5581335 891520
1559,9392700 821787 12987976 9655676 1111080
1560,1021519 1130375 1081479 896666 972312
1563,7024847 1134633 894236 1015781 869195
1566,863519 943940 830568 9420353 1107080
1567,927681 1117039 1026748 8015407 935796
1568,1126203 882489 1126045 9487306 901067
1569,1062425 823099 1045826 1029112 12987975
1571,1052920 7024847 1062128 1118946 833351
1572,8015407 881260 1088683 9419444 820486
1575,928092 939527 1003699 1135044 10457590
1576,857902 911162 1087411 854133 1044487
1577,1021416 997796 8119303 1006483 987218
1578,1074608 900370 952781 1029112 1063207
1579,830740 914488 5580166 10285187 7409957
1580,884897 877193 991379 1122085 910333
1581,1125391 1040435 981716 6391557 1104475
1584,1028891 5995427 917407 975938 1029125
1585,1033913 828139 1005576 936396 879506
1587,870420 953539 898867 5567325 884694
1588,1044507 936830 931579 841016 1079528
1590,1028891 6533608 1092860 1074612 8292958
1591,6396566 1029112 826067 1001827 201704
1592,10201384 6979526 6391134 844282 1043973
1593,1029112 898121 881917 9655676 949836
1594,901976 5981267 848970 5590695 918046
1595,1006555 1110042 1058709 854607 988116
1596,921406 1058404 1113667 1042571 919999
1598,835239 875392 1117824 920191 965772
1599,949377 1109408 9885206 860890 1004585
1600,5590158 989985 894236 919589 877193
1602,1006483 1035788 1044259 971983 942278
1604,1003770 1138508 832678 953539 829459
1607,8090550 10344971 848136 1091365 6533362
1608,822677 928092 1017061 839849 947147
1609,6632283 892728 899115 1101653 862725
1611,8181555 5592270 989985 6979393 975938
1612,1033913 1010259 1117059 839766 936914
1614,995852 845053 926065 6391080 1063739
1618,10456226 955921 1010681 1018050 927851
1619,970160 10456226 867138 932179 1010259
1620,1029252 5569792 1052920 838136 959409
1621,845914 939681 8119303 9297062 985866
1622,833351 928123 1026209 1006342 1031864
1623,1119784 948832 9651582 918638 864893
1624,1052975 991379 964977 997309 1060312
1627,857902 5580166 836171 868275 1038745
1628,9802914 1114251 1085983 925739 941658
1630,1107760 865026 990869 1098284 8090653
1631,955043 1049735 8019916 861494 1116578
1633,1064213 1028891 13007846 1008625 13008334
1634,838136 862318 1095227 7024853 1105120
1636,9245462 844441 5568072 1030455 9245413
1637,827999 978879 1014948 948298 820301
1638,5564236 985605 984677 5587133 10457044
1640,1052294 916990 993390 1037840 1075368
1641,1404121 920025 1076875 1125530 910151
1642,970160 845053 12427353 1070803 895268
1643,1102207 917033 6979753 848878 1016800
1645,9547021 1108094 9416653 5575861 939789
1648,1076580 9553048 6979393 9553335 9553382
1649,1087287 6391381 1007571 1094924 1011926
1650,13039088 854754 858711 1091520 906017
1651,1090330 937502 1135822 1114483 1023858
1652,880888 1004436 1033913 983267 949836
1653,1010190 9396705 902377 5587938 1036753
1657,5587043 1116635 1006649 1088448 12484608
1658,7467039 1024833 890612 968774 1051093
1659,989101 897671 1059527 896809 5568732
1660,1075765 957891 1032703 943522 1010051
1662,837969 916575 919644 12352249 1033913
1663,947658 9553042 1091858 991580 5573812
1664,857554 965530 935993 1073775 938431
1665,1043006 1096960 9802914 989354 1037631
1668,931108 947147 823099 9419422 849100
1669,1006111 972191 879506 948150 13073175
1673,1131312 1036501 973630 1029112 970533
1676,1026258 1033913 921406 888586 1018339
1677,927851 981374 1051637 826695 1093334
1680,820486 6443350 7169088 843911 1006649
1683,5574377 9802981 971474 9487769 1001333
1684,8090956 9881593 1063739 941033 1027808
1685,7409970 1069039 9651582 12524016 1088448
1686,953539 8359154 988211 6919433 1067443
1687,823099 5995603 868888 833556 1058404
1692,9553048 1115360 1052155 13513329 1092945
1693,6391080 1083043 836085 842698 948495
1694,1083043 897409 1063578 879143 1050543
1696,843842 861615 981591 823576 901656
1697,922847 13133916 1016800 901543 975651
1698,1052920 902377 919999 901403 14050461
1699,1048445 1089066 1123106 1043494 928036
1700,1052975 930385 1100856 941856 14019790
1701,1131169 1033913 6533880 997796 900379
1703,870327 1114811 842423 13842224 866177
1704,1404121 1044955 12384431 1052920 904359
1705,13842090 13842214 5571444 1103826 947147
1706,926465 1064892 1057168 13213203 831587
1707,12263626 861973 1019089 861445 15596933
1708,7409957 839208 1056620 9526906 1018822
1709,896465 5569349 1123434 7166861 1100368
1710,5569074 8068685 993436 952568 820301
1712,1029112 827671 846045 827806 993339
1716,849098 5995597 12525019 7409957 1054326
1717,899682 862535 852360 882489 1100150
1718,922847 1084796 1139782 1018588 1069039
1719,868888 1076608 5570513 1093966 951102
1720,885928 856215 868888 1077359 12262832
1722,7409970 9194383 1025719 5565265 1131625
1723,870559 876626 1070803 6979393 5580166
1724,861973 906658 890455 1027610 984491
1726,1044487 1071446 819643 9859182 1018339
1729,1029112 845814 986826 1053650 6533912
1731,5569135 910333 917832 1017472 937046
1732,823099 982469 6772883 962266 7410336
1733,1559515 894439 6904613 5566800 7166723
1735,1082990 8019273 859426 915064 916578
1737,1870702 5583944 869868 5587133 7166839
1738,922847 998008 1118033 8015407 1042942
1739,989150 843127 998621 896761 842423
1740,1029112 959987 964221 10456371 885406
1742,829459 864335 1019637 1114653 7443013
1743,1023160 7467026 5565719 993685 7467081
1745,902377 1043006 988697 6944571 1054047
1747,6979005 871094 868888 1070803 1060318
1748,1032150 891505 1052920 1080677 936117
1749,1042571 849066 1062572 934399 1009719
1750,901711 833556 12524016 920109 997796
1751,5570590 1082990 906830 822966 1120307
1752,1070803 920191 1119089 1071171 923967
1753,13842224 1094371 862981 1089066 901543
1754,1139569 843911 1129610 1022795 904493
1755,975938 928961 5570590 820923 1093413
1756,6391541 9676938 938596 6533936 1033913
1758,1076954 891752 6632764 953539 1115553
1759,888111 896617 1111986 1067443 931108
1761,865026 8203710 921288 922847 879922
1762,1080429 1004097 1010308 1125219 1038462
1763,857902 1118623 1043006 949023 9526757
1764,5565925 1120307 8090546 917646 12731571
1765,7169088 1126203 1071812 916909 955518
1766,7167249 1112825 1043920 1069506 947201
1767,1116635 1031265 12523928 953539 983959
1768,1029112 853553 6391134 862822 9707137
1769,999625 900379 5563693 1020208 1109778
1770,919126 1063739 989101 8019681 7410336
1773,831888 834158 1029112 1034028 1067795
1774,1029112 986121 853756 986156 907647
1775,823576 853756 856942 5574377 978343
1776,1076587 9297056 1028422 1031492 945372
1779,1033690 963365 6533880 1010164 1125391
1780,1122112 1091383 1033913 828278 1137010
1781,949257 847207 1033913 947658 1031316
1783,1090330 918598 1064002 892728 9802981
1784,868915 849578 886395 1026235 950935
1785,9526100 861615 878739 1049918 1131321
1787,900770 871094 10285187 845814 984677
1788,1017127 934399 1060567 823775 970160
1790,820923 997096 9483753 869195 5593033
1791,1128828 854607 1059318 7157395 957891
1792,1006573 1002236 895190 987947 850944
1793,1033857 957351 1029287 967785 905235
1794,10345155 890455 1029112 9802643 1102416
1795,890536 968036 5591315 828805 1087171
1796,1013578 5572220 1076065 954424 901916
1797,1112825 9419198 829621 996009 1076954
1798,999090 981222 970605 9677670 12987976
1800,906658 5571261 949257 1033913 9859182
1801,973783 1116635 824037 839208 854900
1802,1101653 884089 919963 880000 5568191
1803,939860 850944 1005637 898392 831559
1804,848669 10198378 1075007 981677 932182
1806,839094 1060193 930009 863351 8019916
1807,1112825 8090560 1029112 9655528 7442091
1808,883186 1091090 890536 1037840 872642
1809,825753 964327 829459 899580 1056162
1810,864893 1018818 1108094 1098284 995055
1811,1021133 901976 9651582 13842224 9526757
1812,835595 5591490 1133210 1110483 824073
1814,201704 1112825 937403 1028891 1134296
1815,895502 830568 1062095 990256 9526100
1816,923780 1114992 1087362 862145 1052920
1817,1020208 1116635 874563 824796 895930
1818,1098126 1111839 1043563 5590965 861345
1821,1056212 1102829 1029272 911974 1048237
1822,1139418 1126203 1036486 923169 5565322
1823,949377 1006264 1119374 6391176 847966
1824,851101 955403 1023226 862010 1043787
1826,877175 935570 1047523 1039484 1033234
1829,914753 1065979 1076954 1135044 1056933
1831,1029112 1008625 968774 873527 8293439
1832,998424 993436 986760 849901 970725
1833,9245462 972191 1089066 819063 901762
1835,1026258 1044259 880310 1015067 862535
1836,1023160 9487984 885928 7432861 1013389
1837,830973 8019681 10341697 870428 1043338
1838,1115069 6904419 1002459 894360 1059236
1839,9553048 1026931 968057 875979 1003836
1841,925350 1062572 1074283 1135822 1109642
1843,1112242 6533437 958208 1058629 955403
1844,9487984 965050 883186 1012052 819840
1845,9881593 823775 1036753 947427 1120616
1847,8019649 1131115 991761 1033913 1024875
1848,1077133 894439 892573 1105467 9526159
1849,894360 884950 1029112 980657 875306
1850,5570685 852235 868888 1012052 1033913
1853,1032150 1096563 862535 1054402 902017
1854,1077975 862822 1033913 992150 883428
1856,1033913 926422 1120616 890536 13842224
1858,5995603 7168286 12782182 1027372 1065061
1861,1043006 1053730 1047944 897907 942271
1862,1125497 1038144 819643 1095275 6533936
1864,1065979 1080145 9297602 1033913 949836
1865,939789 935578 1018339 993436 872066
1868,998178 841228 983078 848669 1058942
1869,5580166 8020166 5591538 5565925 1120592
1871,819643 1038144 970160 884089 826816
1872,1870702 1027610 1102416 1018364 12384779
1873,1135681 949023 9573206 8292899 931108
1876,861345 1035136 981521 856772 1870702
1879,1070803 1077975 1005583 997987 895930
1880,930385 921438 1028891 985605 1088448
1881,852360 1132198 1109014 858102 1049906
1882,1039781 841266 5568732 5566209 948298
1883,891505 975938 1087362 921345 923780
1887,839346 1060269 1039348 824073 1009449
1889,891505 904813 824073 1081919 1022848
1890,1061982 6039759 9296804 975938 1003616
1891,838637 1055425 1114251 1132198 930918
1892,6979089 1093413 13511722 7167853 1084208
1895,879734 883186 917033 1129049 1010308
1896,935578 897946 1029112 1070803 975606
1898,820486 1090330 9297602 1123106 1044507
1899,1096573 851188 833598 879734 978313
1900,898847 9831557 920002 1116376 1070803
1901,1086763 1052920 910333 901711 7431990
1903,917033 1058021 878667 1029252 883186
1906,1114653 975938 871633 1115800 1126310
1907,975938 1125601 943141 1117690 5565784
1909,955259 884333 1076306 1139142 5566809
1911,833577 970792 1031492 862318 1014860
1912,964327 900770 865026 1036486 1126310
1914,9802981 5574377 1077133 848136 1002236
1916,1071171 7443013 6979427 885290 843111
1917,975085 863664 1010190 1011645 920025
1919,5591627 1098284 13002975 1131312 6904419
1920,1019643 935578 6391080 1131506 833724
1922,897083 873550 5586076 9553048 10457044
1923,1090017 1134732 869868 992986 1049906
1924,965772 1132956 884694 864335 1116671
1926,849098 1037631 6396572 6396561 7168759
1927,1052920 841365 1112754 5981074 894360
1928,828557 1010190 1117059 6533936 843744
1929,982799 943393 855672 868548 857902
1930,917427 7168058 1106505 1033913 879008
1931,1048727 831407 843464 1019247 1001148
1935,850944 1084001 848136 1048889 1005637
1936,9802914 947658 1052155 878442 7160231
1937,1100410 860890 1001646 1093603 836085
1939,924967 844685 1031083 1042571 926905
1940,836085 950118 1137304 1111896 1063739
1941,1001525 1075979 5564236 944141 947798
1942,9802981 1018364 937403 1053730 910333
1943,7152455 1095227 865569 983659 10198378
1944,994223 849578 1125497 1006342 938596
1946,1029112 973783 1077066 10344585 1101653
1947,1028938 1097635 7462562 862860 919423
1948,15511396 1059318 1055015 6602590 879393
1949,1038038 864335 927325 1135468 874563
1950,1131321 824256 923430 1114811 1111118
1952,1006555 887962 910151 983267 8359154
1953,1059527 10455984 825659 12427353 1115358
1954,870420 1084036 1041157 1019247 926065
1955,1063739 939681 992870 1070803 1007414
1956,5566800 970866 855718 921277 13158992
1957,9245108 821200 201704 994223 8177622
1959,866548 6544236 841266 821787 1018050
1960,1870702 839656 5703832 1093490 922847
1961,928123 9297056 912898 1102003 964594
1962,1076580 1112825 1033913 907957 6464165
1963,886996 1069296 850807 935126 946244
1964,925350 970861 948420 870428 862732
1965,1071812 960421 8090653 967661 1091809
1966,975938 5570685 988277 1038144 820486
1967,1029112 1064892 13190349 997011 937330
1968,902856 863664 891520 1027421 1077430
1969,873964 920461 1004596 858999 981874
1971,1138508 1082212 963194 8090539 1012701
1975,5574377 1036495 1108055 5569309 820301
1976,1082990 1019637 1117964 831559 1074040
1978,1059236 867469 970792 959987 885928
1981,1131169 1082212 8203851 7168383 1087605
1983,9802981 1015386 971660 7166865 7168026
1985,5590965 837969 944938 1057011 8116306
1987,882826 1105426 1131506 15972115 1012052
1988,949023 5565392 935578 1069538 1029112
1989,898847 10284946 6463710 879734 978270
1990,856942 13007846 1067749 1096556 830935
1993,1112825 862010 1043787 5591490 989354
1994,836703 828139 1091365 926307 1104475
1995,1033913 925854 1137507 13039088 823775
1996,6034577 884089 867469 823775 10456371
1997,897083 991575 985889 1043035 943141
1998,827683 892004 1036495 867667 1024875
1999,841365 1072086 928749 935968 926804
2001,1083454 823099 1080429 869252 1010190
2003,1052920 1018339 15927661 13213604 12757280
2004,5564850 1070803 940770 1055425 934399
2005,8358933 960421 1029112 1121624 1057777
2006,5574377 949836 1128608 1047076 893501
2007,1018339 995598 1064574 1129610 875306
2008,936830 1107080 826609 5570383 863519
2010,1125948 857130 7152455 1038462 848329
2011,894236 1007136 957891 916487 865174
2012,972416 868645 1058709 1036486 866548
2014,1054688 1031740 1073224 14043823 845091
2015,905436 891632 1044188 907099 12525247
2016,1094744 9526757 7167249 877193 906202
2017,9420336 975938 5583944 1125219 949836
2018,1015296 1015375 1054957 1121193 857130
2019,856818 1030093 990869 1029112 861494
2020,1036486 895540 942271 1037631 1019089
2021,950935 1119454 1019142 871279 835578
2022,843689 906335 1090330 13073175 960421
2023,1003699 1052920 10345155 1034837 995722
2025,924978 1121603 906646 913144 906658
2026,1029112 854133 887526 912146 957438
2027,1088771 1116635 1071171 853553 9527158
2028,1094190 1097661 1074283 8019916 9677447
2029,938554 8019916 892728 9523059 1121193
2030,899580 10285187 964327 829459 883916
2031,1038745 1120741 894591 969419 1100368
2032,1088856 1038985 1060408 864893 880050
2033,954077 938554 6534166 920958 1119089
2034,480014 6773204 849297 397896 894360
2036,988277 919828 1069506 971660 862725
2037,1001525 1062095 8180927 1042942 985605
2038,908988 950206 1076842 1127716 860248
2039,1053329 6039859 1046584 1039627 852235
2041,1088771 1029112 6395907 1005583 949991
2042,892004 9655528 901656 847241 1029112
2043,1090330 894439 851101 1067159 923169
2047,5567325 875979 1012801 900391 12523928
2048,6391137 958067 842249 855718 8203710
2049,1053016 956672 1125601 1013433 992985
2050,1075786 1036486 998828 1013578 955431
2055,1097661 1097704 1011926 997309 990984
2056,5567325 1121603 1125123 1043663 998189
2057,977798 988835 832335 1101960 976621
2058,1116050 1006342 5584645 978382 950098
2059,1031316 993339 969945 1008288 845814
2060,5568661 6514085 1012052 961353 854920
2062,7152455 1052920 845814 923208 845109
2063,861485 9297615 5577022 961447 1090676
2064,1006483 1056651 962199 866548 1028422
2065,852015 1052920 1012701 1070803 988520
2068,921920 914697 1086061 1027960 1112824
2070,834103 13986925 878302 1105426 948478
2071,903230 13213203 1070803 959409 7142556
2072,6919082 1068651 997096 849100 917277
2075,982469 1107973 949023 1014732 1058709
2076,972191 841478 880253 1090017 1033913
2077,982989 1118878 832001 6396561 1039870
2079,955259 900379 1095906 1015508 935796
2080,1043920 936792 1100273 1100834 1117964
2081,1091090 998666 1001525 844685 12263449
2082,1101653 1023979 8181451 1036753 888178
2083,6533681 1076608 7410248 1113721 941198
2084,878715 852360 899446 1059891 1014732
2085,983795 1053628 1082990 899844 986760
2086,1027808 1121193 1127141 1018243 1107553
2087,975633 949836 1037332 1039360 859987
2088,9245462 831559 1136657 9245413 915651
2090,1131506 949836 826067 899682 12524174
2091,1033913 978983 1107973 6514259 8205418
2094,5592270 864279 1098435 939789 993044
2095,5569135 836393 846907 1070803 1030836
2099,1085447 1010190 1027421 835351 841266
2100,896617 949836 1027960 965331 847066
2101,9338009 1052920 968057 5564931 885795
2102,1116050 1021519 9419198 961021 996009
2105,1133850 845379 918046 1006111 916575
2108,8090533 6534074 6533936 820923 5586076
2109,871909 942792 997796 1021133 1022105
2110,8066803 1018050 1070803 1114811 1026931
2112,5563693 1039796 1112825 9707078 978343
2114,898847 907099 964221 1002771 1076954
2115,1029125 1102003 1100265 1096556 1024319
2116,987006 6602590 1045826 7410248 1122547
2119,1045478 1074608 8292958 1136341 915651
2120,480014 1870702 1082185 6534178 1029743
2121,1090330 1033913 1006483 1057260 906844
2122,841365 852600 12782182 833860 1075524
2123,1076199 920978 889223 10285187 6533843
2124,5587043 1096563 1109598 9803591 5584645
2125,1112824 997309 1013578 5703832 10341697
2126,1126711 948495 1033913 962615 857554
2129,1044472 1108168 920239 6544236 954424
2130,969292 1104349 899682 1056212 1062283
2131,1037631 847207 13158064 935126 1033913
2132,13417846 1007210 12263108 879280 842249
2133,961003 1068957 904105 869868 1019247
2134,1006573 1127863 12262832 6602590 850944
2135,1116050 1070803 6534074 912287 6773232
2136,13039088 921277 1007269 930009 844282
2137,1870702 949836 9297372 882108 6463900
2138,949836 1080677 975938 864335 883186
2139,989409 875392 1101932 8090542 1056162
2141,983753 897671 1085983 1120741 9420048
2142,6632283 923169 6534078 834797 6704207
2146,847066 898121 6423911 8019748 999090
2147,906658 1089392 840386 953539 13007600
2148,1027808 938597 932182 895930 1033913
2149,939681 1114811 1115069 9553193 13416117
2151,8015407 883428 1114653 1117039 1122268
2153,1058709 906202 901460 997011 6391494
2154,9651582 9526757 1026235 1064213 891542
2155,1131625 843689 1070803 1115360 894439
2156,931108 965889 1074283 7409957 1109516
2158,868888 7410017 938841 926033 905459
2159,1038745 1053016 1087411 988572 888543
2161,1101653 958208 951176 1025719 976214
2162,6395907 1005576 1052294 9553042 1076065
2167,1015296 896757 12262832 5590965 959900
2168,1116253 834236 1026094 906309 1120928
2169,1404121 949836 926006 1042571 1096643
2170,7169088 883916 992870 1001646 930137
2171,1106073 974336 878026 6463520 1046275
2172,1108055 13007896 8011397 864279 919535
2173,916990 1132956 13842088 6391517 917407
2174,12523928 833351 9297372 5582789 1063700
2175,201704 849697 1101822 1093490 1079023
2176,1404121 10198378 847962 844759 1089108
2179,883186 1052920 923169 9527174 1070803
2181,1033913 899115 897409 9187298 1110111
2182,1090330 992010 6464180 897409 8090533
2183,1093490 8011285 8011397 8011282 868888
2184,901067 1090330 981874 1073150 1020739
2185,820923 5569601 5568964 5570882 1106116
2186,1138508 1008625 907308 7146026 1091383
2188,932949 1120616 1070803 845975 835239
2189,1015280 1065979 12523928 1063739 985605
2190,1029112 926804 12263449 1005202 10344971
2193,6552253 889989 9553048 1118878 1006906
2194,880310 835351 1042571 843111 1121720
2196,981591 1027835 999104 8293382 991761
2197,820923 1033913 879504 1076769 7168058
2198,9526770 1106117 1054954 1108624 873044
2199,975938 906658 1058021 905436 965982
2200,6773232 825249 837339 6772833 845814
2202,1404121 1070803 918046 841016 1093490
2203,1018818 12731571 834382 5568732 882496
2204,840011 820923 10457128 1043006 893802
2205,954077 885463 1048483 1085435 835351
2206,939602 896602 1070803 6396566 1121410
2207,1090330 915349 9297062 850795 997200
2208,1028891 1112825 1095587 1126045 1053489
2209,1027874 876548 822677 6534166 1038443
2211,1126045 951102 1119942 871433 1131558
2212,1031265 1117059 5568964 5569601 1017838
2213,835558 1049735 926011 836085 885356
2214,1112957 1075524 1097544 13986925 871097
2215,1018050 1112205 877798 955887 1077975
2217,1092588 905436 5995596 865718 9338009
2221,900610 6533368 989409 1112825 824796
2222,900770 933918 1069268 1070782 935200
2224,923670 1007210 1097761 1008012 1095587
2225,992150 9483753 873887 1059891 991874
2228,916578 1001333 1090330 971474 1037840
2229,835595 965772 880253 5574377 1051093
2231,1053329 1084001 1005637 825208 5981267
2233,1033913 906502 885463 966891 947654
2234,915493 1070803 854754 878026 997309
2235,857130 1118623 1070803 12427353 1036753
2237,1051626 824073 878442 1100265 1028579
2238,6391080 971983 1109778 1070803 991379
2239,1029112 9245462 847066 905087 7410071
2241,1132763 1029112 886996 397896 878667
2243,994577 6979220 1139651 854920 897083
2244,834833 989354 1108131 884897 1075765
2245,951102 825618 951703 1110483 7441668
2247,1115069 919963 1029112 1006187 1065538
2248,916909 919406 987122 1071812 892376
2250,860890 1033769 1085154 1048483 985911
2252,923780 916767 1027874 1087362 871162
2253,828427 1027874 9803371 1080566 1138292
2256,1404121 12263626 866548 10198378 964120
2257,1104349 1106116 1116376 975633 1113651
2259,845053 1052920 850925 13115894 13512542
2260,10285187 900770 845522 1003770 986635
2261,975085 963686 940996 883186 926905
2262,6773232 1019247 919589 1043095 6391080
2263,1116207 860703 834236 920367 6391381
2264,10457044 1033913 5566472 964133 8011397
2266,990504 1057168 967476 923789 851146
2267,923849 1091901 1071277 881047 992730
2269,935578 1046584 905087 1106064 1068561
2270,5566804 1070803 996425 1034290 989985
2271,5568072 1032950 833870 1001277 1038467
2272,1136341 953539 1064213 872066 6773016
2273,6979089 825170 998373 9296804 844282
2274,1009449 883186 839208 1117039 1084036
2275,1014206 1134483 951102 1019089 1033913
2276,6979753 8019916 843111 1070276 854133
2277,1097001 6704207 1067695 1052920 870980
2278,1017220 1036753 949836 876548 1070803
2280,1093603 1097635 879922 1082990 824796
2281,1029112 1112824 13073175 5568964 911915
2282,928092 1085563 887219 870871 888463
2283,8293439 1032150 1096563 1011427 5578856
2284,9677670 975633 7409622 1044259 833787
2285,1135059 8293343 991874 1059891 13115626
2289,984680 9802643 1070803 1069620 1089045
2292,916767 955043 1404121 1027874 880895
2293,1118120 1038985 1028422 1116741 949257
2295,6533681 950206 5591490 845109 869895
2296,877498 928123 9245108 941943 1070803
2297,5592990 927080 5593033 12731544 5585636
2298,1138508 821741 1106894 6919082 1037096
2299,977432 1091858 1070803 981716 1107089
2300,1092945 835558 1054402 1090330 7464370
2301,1057749 1138292 961980 925579 13158064
2302,975938 7466806 1002459 1120616 901543
2303,975633 828139 1002771 1033545 7168057
2305,1069039 1052294 919589 1024032 926796
2307,1124971 834435 8359154 1049735 13190240
2308,938203 1077133 953134 1083846 1131169
2312,880310 9265288 828139 8011282 937403
2314,1112824 908346 1048257 997506 1093359
2315,1015280 944419 1034955 912817 1110057
2317,10456226 906658 822115 977432 915349
2322,1044259 1007571 1077975 901656 10150078
2323,5565322 9858850 1042765 953191 9832514
2324,967760 819227 1088308 938118 1049906
2325,1082185 6534178 1029743 995242 1106523
2328,1082990 1027849 1136657 965555 994577
2330,1057168 1049918 1076065 924423 900770
2331,997011 820612 820301 6632283 881154
2333,845814 1116050 9396705 822677 6443350
2334,892573 1102416 1093490 898342 5566800
2335,1008288 830015 7166723 1133827 10198378
2336,909396 955774 938139 1023226 986760
2337,1097398 1015539 912233 918638 1007687
2338,1005583 1036753 1129321 918598 876593
2339,1075765 6904775 9885206 1085983 848971
2340,1048893 1090330 937502 962721 871433
2341,829459 1098284 1126310 899580 883916
2342,866548 7166865 1047076 5587133 972416
2343,1099945 1046865 834435 870871 1054216
2344,1075827 829459 833351 10285187 900770
2345,1105381 849505 1004596 1070803 12523928
2347,1065538 6533880 821741 845914 1138292
2349,836085 7409918 1116741 6961848 845814
2350,943837 965772 828139 10284946 977374
2351,1089392 864335 1029112 5592427 1048727
2352,1077409 9802981 916578 9803819 991379
2354,5570685 819643 8019649 1038144 829645
2359,882108 878302 1032549 853622 991951
2360,1133850 1033913 890536 7154535 889649
2361,1053329 898121 885928 921277 865511
2363,6534201 1057749 1127141 1006664 1045826
2364,1870702 1082185 6534178 1029743 995242
2366,1012701 981591 901396 886996 1026334
2368,857540 878222 6533394 1021416 1115577
2369,1093334 9245462 982989 981591 8015407
2370,975938 1033913 821787 9392700 883306
2372,6391080 1062572 1029112 851066 5995596
2374,5570513 9526630 8359154 921277 1127716
2375,1036501 971610 847962 1052920 1090330
2376,10285187 1057168 900770 9420181 935200
2377,1055168 989101 995055 896617 855310
2378,5995427 1054402 9527323 1070803 845462
2379,1029112 841365 1059527 902238 6039759
2380,1115552 951102 1053016 892221 1131558
2381,910333 1011645 906646 895930 954077
2385,1102250 873550 958067 1133893 982469
2386,12385588 930137 1033913 970371 1003793
2388,6391137 872066 982469 820923 1071554
2389,1103826 937736 1006546 868888 985605
2393,982989 10285187 949377 1085435 829459
2394,825249 1038038 953539 927681 876593
2395,1041157 958252 938203 9420067 1031419
2397,5569792 820486 865026 1137540 1042702
2400,851188 6534166 1096573 1085333 1052920
2401,12524174 6979089 6979518 912681 819840
2404,1559515 5668996 9297615 1065303 9836434
2405,1091383 821741 936914 1058021 1029112
2406,1028891 859987 1029112 9245108 6514259
2407,5592270 878442 897611 1038443 928123
2408,846045 925350 946995 1033913 5568732
2410,1037840 1108094 877798 848356 1077851
2412,1080867 9245462 1116376 818980 932949
2416,849697 1139782 961024 846652 842698
2418,863664 9245108 1100379 839094 1125944
2420,845091 853553 7410017 1086038 835578
2421,881154 6464105 851468 1093966 1021715
2424,936830 1072693 920367 908283 1033913
2425,1085031 918676 1028891 1131830 1136654
2426,1058404 958208 1043494 1016421 1060673
2427,7166839 875392 869868 846334 938841
2429,896757 10204735 876548 1042942 877798
2431,1044955 8180927 1071171 877798 918046
2435,10198378 5586642 1054402 5587043 848971
2437,7409618 7409644 862010 1048257 823576
2438,1870702 5703832 8090556 1018818 1082311
2440,835296 1092937 1096727 1045478 834236
2441,898121 819487 8019681 1137304 912810
2445,10285187 900770 1100410 1046243 828427
2446,1426702 1044259 1404121 1000542 819112
2447,916990 883186 1029112 1107553 868764
2448,7168058 1070803 1054402 5568964 5569601
2449,6979803 836703 964133 5567582 838637
2450,9487984 872461 900370 908346 9856740
2451,1076580 1018822 1104349 917033 904241
2452,949023 834833 903602 985119 1025581
2453,927080 939539 827332 928036 921288
2455,983795 1131321 8020205 1102416 857540
2456,902856 997506 888532 1065979 869252
2457,938118 899115 909396 7166791 1055472
2458,986187 1012913 972445 891505 892376
2459,918638 839849 864335 1135468 5566804
2460,9802981 9803601 1082990 5569792 938512
2461,1029112 876624 845868 905459 1019011
2462,851146 834932 925282 904241 8293343
2464,1404121 1104349 989409 962199 920958
2465,1086038 856252 874563 10344585 965701
2466,958067 8019916 984680 1006188 1037631
2467,916767 1036501 1020729 8011397 1076744
2470,7168224 10456226 906017 961021 948420
2471,845814 1093966 1036753 1034028 931579
2472,1116207 1117059 836635 963365 1084036
2475,925282 837969 918598 1033913 6772883
2477,1096563 1017127 1129321 9392700 917033
2478,10285187 921920 1003770 932949 834797
2479,826816 979877 937737 833860 845975
2481,1070803 1029112 1057749 934399 840609
2482,8019649 8090550 8090542 841365 977559
2483,890127 1131625 980488 871279 846241
2484,873964 878715 1108094 871633 1070803
2485,1090330 5567582 1052920 1024833 964221
2486,975938 846907 836393 932464 990984
2488,975938 964327 899580 1033913 1004585
2489,9338009 1033913 944419 9553048 938187
2492,1089074 912004 847989 914577 1029112
2494,1033913 828139 8119157 894360 986187
2496,10285187 900770 1076744 992870 836171
2498,1022066 1076580 1100379 931579 968759
2499,5568964 6904613 5570048 889989 1112627
2500,1063739 859237 1065538 12262832 1086061
